images/plots,Good
images/14312594960052080025575192204853614453,Good
images/54094647045687069399324417199415366678,Unclear
images/10000363634720668543422909405262303256,Bad
images/1000477256847261534209205851819306608,Unclear
images/100047747334374275582030125704988723085,Bad
images/100062867415505543595151006810813400008,Good
images/100073674897320712214530493451455741773,Good
images/100087095443669986862274691770703859693,Good
images/100102805307096204359584451186214995683,Good
images/100106674171072747996201401233550622532,Bad
images/100113283301722073477654431459012371815,Unclear
images/100130155758777025501621034760618555989,Good
images/100145079820187205857556719139575612689,Unclear
images/100169474348975432251899370247295630819,Unclear
images/29262565067860019287185626221010359632,Unclear
images/29268907797789081055506069954040165777,Unclear
images/29289142279968704422144485299261268649,Unclear
images/29311703715928147972654926959356826349,Good
images/2934906020924943493860371431884124246,Unclear
images/29383679868250249667133807001254213169,Unclear
images/29384304260431512990769014228572131806,Unclear
images/2940065941649908668714622907943052470,Unclear
images/29415952679879090443491484010962197518,Good
images/29424759415696494053742450375520988921,Unclear
images/29469290182681362459490398311394203937,Good
images/29488398009918975928323697656368564409,Unclear
images/55423542362902381224151696367273433462,Good
images/55500668881616460604518402787071079230,Unclear
images/55507464530377688843392790349731414327,Unclear
images/5553838201591987772159393673738942992,Good
images/55595873653808798310865438113311044217,Good
images/5562023981425634061569485922900367478,Bad
images/55658063733134053510904392528096438666,Bad
images/55660303353962789233376410886224743831,Unclear
images/55714753127050399588993760908062322467,Unclear
images/55718383441673864267090326819788567940,Good
images/55730340416562936243854784967482351127,Unclear
images/55747221194898502304548737462404344148,Good
images/115724160988977080182931471513197990716,Good
images/115726858350088013206068762379639227683,Unclear
images/115729448782278352899225997007540089080,Good
images/115751874111069373884838389881893157421,Good
images/115761414036399159039352800748496872699,Unclear
images/11576375114366437336539367284657446593,Unclear
images/115867591388700636318506107932202988561,Good
images/115882623960737812720250317114788382404,Unclear
images/115888670079292955387481980105948023057,Unclear
images/11591730069427381119184761944411138681,Good
images/1159341117076510413379665078511332621,Unclear
images/115943036410920601957879028890079157574,Good
images/136078708569887245074999119834639886559,Good
images/136120587319880067892256870520200746481,Bad
images/136123806750078979680569715566076598649,Unclear
images/136150783345431124226837424803965295693,Unclear
images/136187156338115414505306016889623307215,Good
images/136211389448003153746582489192331140701,Unclear
images/136214016422778707295000540619981818757,Unclear
images/13623155684320220733563212441484017644,Unclear
images/136290610686637825765847611207795589734,Unclear
images/136290988923562400385963072207311001238,Unclear
images/136291894380464618966228198009400271944,Bad
images/136331170977684060876300935415376390356,Bad
images/151963296982091690127672832286791905808,Unclear
images/151981492079772397377646758316471667182,Good
images/151985790921307205029370718142047351178,Good
images/15200781903425288543856700211642785639,Good
images/152012642341096184973457967252778217979,Bad
images/152075548628414083723691405711494878717,Good
images/152080591670503921282038027726625528605,Unclear
images/15208848716603334347959932299278455700,Good
images/152090255301569059975889718730533925338,Unclear
images/152114044266699973872263030793595183830,Unclear
images/152114495298114832784654675521204768537,Unclear
images/152165765780764450768427040096037663357,Unclear
images/100185800795873519485840295016623845681,Unclear
images/100464097397360021508936929984472201834,Unclear
images/100788710068253343135789937095680471863,Good
images/101151596522151890427307029784574387641,Good
images/101432941980840407617670805879742527847,Unclear
images/101741569872737007410183685038088176509,Unclear
images/101938099047234036726973675601704108944,Good
images/102191733656018585730858193812513663788,Good
images/102422772177076450881680170883052577196,Unclear
images/10263718472266550878885873090700004780,Good
images/10289887564051975605504256442971135814,Good
images/1753566753123483501100892830424782779,Good
images/17559119229792318392688200069719000501,Good
images/17563916436531487987391428558736133797,Unclear
images/17588133198191509633382897370363889256,Good
images/17595345557833918658781461088849076806,Unclear
images/17616928198328778757498633029147630220,Good
images/17724306663742546657774299097804899358,Good
images/17734936375928254314741845387404872431,Good
images/1774136276906778365685266113909565980,Good
images/17759120694319387262749241677306227582,Good
images/17802856374795949482550503667901592668,Unclear
images/17820215480256221347845393640451978071,Good
images/21324638545728089340264023819931549154,Unclear
images/2132744316035556685877181284214934753,Unclear
images/21335644786631081133133237301952657251,Unclear
images/21353666395232333398055880208182598741,Good
images/21385630835851197021390180961001776031,Unclear
images/21409720610052339983347021903465139657,Bad
images/21422442075145131416337919361858257555,Unclear
images/21445918283319323948750021303115496318,Unclear
images/2146813434096813369246904900100205726,Unclear
images/21492766337832373107845566350920605620,Good
images/21498603559206675318487324731301787885,Good
images/21499054155544855387948990729115204720,Unclear
images/22727755692925011469925072501108096494,Unclear
images/227952616309912472020662449258685419,Unclear
images/22802029301351819317528285939234675625,Good
images/22802417513478800394827610542942468999,Unclear
images/22822801791952104504922872812025063571,Unclear
images/22868230256096165859036008651725953760,Good
images/22883460258858327310984345575641968251,Good
images/2291432478266401704220331137026280468,Unclear
images/22966472388659139445360170046578939030,Bad
images/22968305640026505168027525731998955043,Good
images/23044408582833273152306931954704046404,Unclear
images/23099178198471620878431430044830188519,Unclear
images/24806642719085572281367987780961077201,Unclear
images/24809252620694954500845862680368628230,Unclear
images/24828264194331192556446396847450391425,Good
images/24829592031326318618572848955831840013,Bad
images/24872097646769187989113877586594335139,Bad
images/24902627712533309554964283059846573464,Good
images/24945654656643011455477925278854109096,Bad
images/24966761828309077102094584154258381144,Bad
images/2497525489902389802406260220237409062,Unclear
images/24978318099239445576619391829923284515,Bad
images/24985044175162353690086873954958212399,Bad
images/2501968032412771479843050968345000874,Bad
images/32515862723756778497362480426804353533,Bad
images/32521211977053878099070330621327178832,Bad
images/32527663594964151785495436406466245081,Bad
images/32538172115806026846184225721001768174,Bad
images/32579448559303238638467121530705788012,Bad
images/32600699893069080444678598622218946689,Good
images/32610312809821856260254578455480281526,Bad
images/32630749841880455613061221787363226049,Unclear
images/32640647923196339673055355855079453300,Good
images/32645471053393634434463567839382669741,Unclear
images/32645679507931147846266461118794104016,Good
images/32666234080239690706635561600471688845,Good
images/34307939505532139039849908507930776003,Unclear
images/34309744932833448074951791302114399235,Good
images/34353934385590532652021860691825840946,Unclear
images/34367513262127952829038182886136577423,Good
images/34370169763676270418917292767408753458,Good
images/3439674668083308126644577479836055572,Unclear
images/34438388594154942341411552560098090392,Unclear
images/34468791935511552852307306077111132070,Good
images/34483230064508718026752619860078135515,Unclear
images/3449572743927630510516907668184548009,Good
images/34508190797702488175057143601294068393,Good
images/34557273283158330183126658795178711123,Unclear
images/36254174071109281352529878147534390916,Good
images/36267481108700518897089873720173455444,Unclear
images/36276754708935607049364452466415175004,Bad
images/36278814776700924961164405336769010076,Unclear
images/36285040811394944088267291553724525359,Good
images/36288728954247582248228443765915834657,Unclear
images/36300307710373675532743571527301323228,Unclear
images/36322055242173886700520157703138636524,Unclear
images/36324733300020442785011537825844402435,Unclear
images/36355106365656570899766472864509499729,Unclear
images/36397495963510845424646465793030831194,Unclear
images/36421510074226925359806416942231625970,Good
images/40175872428239331020939207828537985918,Unclear
images/40220297944391792054204253590330051155,Good
images/40224089902548677028413962444396468515,Unclear
images/40247006992155628500207817795653369335,Unclear
images/40267182061887345744394459199618697934,Unclear
images/40284660848400984046152234869081793874,Good
images/40349709327299556900013828649634645909,Unclear
images/40352798572190294046953467450299340126,Unclear
images/40382965426589798161733890764588834944,Good
images/40439038682346863465218912670677238396,Unclear
images/40463183798033738016100211311365926624,Good
images/4046694333246021931231661499255578555,Good
images/42187114380013576181132443599076401040,Unclear
images/42190858050759704633209977543797973613,Good
images/42198818757927001989887538899309797067,Good
images/42258247831117329857195439290962016392,Unclear
images/42281841400869577113787571211767089798,Good
images/42294239706612438867302185958207462911,Unclear
images/42324120369549773830412061881506282485,Unclear
images/42346604123408065731037027310123196175,Good
images/42347671838188418170648081928239529352,Good
images/423797267974331818165337166091617064,Unclear
images/42433549316539544020462547057755434551,Good
images/42476074706228555151765055367308081926,Good
images/46631113987479380412177266154627462061,Bad
images/46646101015196084222550539065115508052,Unclear
images/46677967693660210971646089344205387533,Bad
images/46677988380503823379395912112899196466,Bad
images/46683014609641611239141845541706961688,Unclear
images/46724446839306900408769646189372926189,Bad
images/46737643467553970602893297833739136950,Good
images/46748173774889246066944520735660776041,Good
images/46770277304830047343630480749793335502,Unclear
images/46786030579312333159944903003908629887,Good
images/46793906113804053389799806317003210648,Unclear
images/4681651542355285018283061490790222118,Unclear
images/50037745893704564015042039758629533306,Good
images/50040231279293616566514946110437390605,Unclear
images/50051846798625459477570142594662894037,Unclear
images/50071283715524840537005359960118415636,Unclear
images/50078178424069087199640351247220069111,Unclear
images/5009875572762650036931463162663571563,Unclear
images/50122175891358241527001504114835077198,Good
images/50128781990649076457891393396493623624,Unclear
images/50150120781442960626899169648857187730,Good
images/50198434554319739672240433226407495577,Unclear
images/50209653351646675855626952623296130961,Unclear
images/50221479668542310992045220264279939310,Unclear
images/52679644599495285384057964081838213457,Unclear
images/52686768193894797213797933014011035273,Unclear
images/5270557209466504200902185348155090191,Good
images/52739327534936168626421804445551531995,Unclear
images/5274561342670010308165473497019100483,Good
images/52751606250841573351235088370977260505,Good
images/52762991039544477567555162114787748480,Bad
images/5277403485850455905894038597236671123,Unclear
images/52777346342980938420599486367663471525,Unclear
images/52786387580627828929338862799947885617,Good
images/527885037209173463707011898949660714,Good
images/52788538578498231404444102636837245631,Unclear
images/70267730763321206499728061441951262886,Bad
images/70304049406549895215358333802612060284,Unclear
images/70346699681404811740766671139247650124,Good
images/70351582541411063203565893983321676478,Bad
images/70358193619814011919690923371885367104,Unclear
images/70364086368419365981801941759157016798,Unclear
images/70372714806886967663946142072870739708,Unclear
images/70406182417704835909746760594201353631,Unclear
images/70422889060548366191596929524230465269,Unclear
images/70430903291449569328305109274515228570,Good
images/70463168570207262376482246000198829384,Good
images/70485100723332839165280853034350487816,Unclear
images/58237454542943683353185715118651457444,Good
images/58239298009748706346893641721002125626,Unclear
images/58263731733654071091675205558157747974,Unclear
images/58264421916818869947014286350942391435,Unclear
images/58306201274200459287174676453841188786,Unclear
images/58318829579968874004161330084521647289,Good
images/58342400082165241542842794441872707727,Unclear
images/58344126677211547248328357458001112965,Good
images/58398787139849121899989281681429169901,Unclear
images/58399215232108086769641057856856498791,Unclear
images/5844961696940570812593851694721611916,Good
images/58490743914678782543003627053222476220,Good
images/61543316297360333167283269896157931377,Good
images/61551695176373986108981474286049269470,Unclear
images/61557963278208506071627766219747290440,Bad
images/61581459263177238336224433936014789314,Good
images/61587764011725317133020970972768546602,Good
images/61612044244778712731848160514984576101,Unclear
images/61623780745855591664511791098925114758,Good
images/61628935966564642796894011580985620098,Unclear
images/61633259512051277019042105830319052312,Unclear
images/61655802615690304223990381585754448355,Unclear
images/61698255376877065853745368218236282070,Unclear
images/61746173653107764391002677460351147437,Good
images/63671479364678538461042820324608400142,Good
images/63711691486253021745774981942365727517,Unclear
images/63718547669861443970312369959385161491,Unclear
images/63734956485673903224063941143531493163,Good
images/63739081676081152289049885336964768579,Unclear
images/63751241657795383362415437408514918916,Unclear
images/63776377649076438004405554137368335399,Unclear
images/63787846868776525417162906653250271096,Good
images/63789969985571501844239798088571856948,Unclear
images/63802457468412872400807756883990559436,Unclear
images/6381470915482683122313439119331937197,Unclear
images/63818566048600611200306063899378146363,Unclear
images/66075511349965871193522890017196998264,Unclear
images/6612527519032769235346479103794996501,Unclear
images/66129553748354517100482900640693298498,Unclear
images/66156591335593205600383702189296274994,Unclear
images/66181109097096783823706875525700398189,Good
images/66186530984161020745296020172493051563,Unclear
images/66206629703850207845053649284775473134,Good
images/66257924694545198203265205611827593634,Unclear
images/6631488601350192306997916420011603323,Bad
images/66328797240258151290329273369170748421,Unclear
images/66381444514140178595478318705714284627,Unclear
images/66402167847643008110588268389514697278,Unclear
images/73125123062751429766146594770814476807,Good
images/73126206877342159383844771911243953456,Unclear
images/73141854220696847412189736045565959101,Unclear
images/7315734145403842712661287532741914661,Unclear
images/73164180318977846687650115617861991610,Unclear
images/73187470928308711656542705440825376166,Unclear
images/73216488500955755772317663009531249036,Good
images/73231027474422338351855014331767384968,Unclear
images/73289179324049867615644011388299771055,Unclear
images/73309674675597938317610983478088636027,Good
images/73310926267301465034372155007210092008,Unclear
images/7337282254648138378134466039178539418,Unclear
images/7503593764253501743260378145202476571,Unclear
images/75068372820775705486228432801540001934,Good
images/75088866131181815877629369228834046724,Good
images/75090617301372484358615829973184799211,Unclear
images/75113152766290471878931656592947927530,Good
images/75129187042346672794931063633629754809,Good
images/75132251254435940172891742117576922375,Unclear
images/7513586046209285100788667154314966000,Good
images/75144919589832009652896198661676396910,Good
images/752181782340044899681517240548207986,Unclear
images/75219994599768926571606323421050690557,Unclear
images/75250986548845014084525165039309707722,Unclear
images/4047648645966868000822208730787058565,Unclear
images/40702616603457839627632353141788588976,Unclear
images/41128604844715585034587980592956516048,Good
images/41429033758982558160624199496201284354,Unclear
images/41683403321728469229700131225973871451,Unclear
images/41910785200346886119090116556922556107,Unclear
images/4218490773326255091792901297196517678,Unclear
images/42481871814975058064177601055163858544,Unclear
images/42811662929071743285385743439149516067,Unclear
images/43003925615630728624026243159562916928,Good
images/43215674373268327859604287646786977096,Unclear
images/77577244914157792804780619859872721854,Unclear
images/77584319539368042997475465331518387464,Unclear
images/77587346175616507714321471143342598806,Unclear
images/77589704761606581540243462768397670266,Good
images/77628872161903785903672203061512343008,Unclear
images/77632171893519322701902718834963783171,Unclear
images/77645643496336055978939023344194050128,Unclear
images/77659754488213612550213759625437402242,Good
images/77661605022044754974409062087190363271,Unclear
images/77661786738316522204347047352797668658,Unclear
images/77667835423436934671544167480470138034,Unclear
images/77680014414668247355358173743685455818,Unclear
images/80317352038278396634087401117652944015,Unclear
images/80372589669812072925404922971778248945,Good
images/80375579576710845901985026899356730921,Unclear
images/80388869870357906942990199613017321434,Unclear
images/80398746622819263285504708184267391694,Unclear
images/80487605811040720483253764762462099594,Unclear
images/80517538726096114523803488732520984939,Unclear
images/80525223135164071105272681740396451660,Unclear
images/80552455799375734282649666979724845536,Good
images/80553928307431998175822644127674013423,Unclear
images/80569350489062443498211403733767974963,Unclear
images/80637032959467850821679246228762418694,Unclear
images/82665084062620872115746483276451171418,Unclear
images/82672552115553043267194728610680549346,Unclear
images/82698041105419377735757791802985582175,Unclear
images/82735041567551264142908342692269389541,Unclear
images/82735190625874396176139193692495317780,Unclear
images/8273737691514803454334698356981001274,Unclear
images/82747745867917490622194189660680530859,Unclear
images/82765912564164973004081674418697495652,Unclear
images/82793044769525394726418027307375522827,Good
images/82794856213472797920100108722750596136,Unclear
images/82797423762146894287166871708448961287,Unclear
images/82833828254495967317640603287657116048,Unclear
images/86676310767855479275392049677823828378,Unclear
images/86694153625879495107040994664043609329,Unclear
images/86736630757806623050137470115494934219,Unclear
images/86773050513794421373007726465445107864,Unclear
images/86786104407201926906403945322388451796,Good
images/86791256365286154837415244939615352044,Unclear
images/86795599370833565132159915951283650735,Unclear
images/8680851543578654698875523974661665907,Unclear
images/8681847442976529956924382524236113966,Unclear
images/8684309141897069209555263642037194230,Unclear
images/86939629110155254703840489308586332280,Good
images/8696136172998344004267501088583696523,Unclear
images/89134924019181661015985161549770085000,Unclear
images/89159771948835844773630187886648732423,Unclear
images/8917416873913249178330787845854949397,Unclear
images/89180616424271273265907567643549904283,Unclear
images/89184432426970167023923561661684558049,Unclear
images/89189443613562453526816482105304343594,Unclear
images/89199242047009683732332985747774242538,Good
images/8920341192432478979159879911057751822,Unclear
images/8920495041568981284318544043349215751,Good
images/89295146787691659866820146527597095371,Unclear
images/89301332345462591837986542865632055546,Good
images/89307703992040199667912290939247645371,Unclear
images/91811660926795121932155004464321047613,Unclear
images/91850640553198021961803970114267129162,Unclear
images/91869326445796796754340250681291613013,Unclear
images/91883727123574107855598260310454208198,Unclear
images/91941329822904738024922192567753870749,Unclear
images/91943735211708356665413244908425182880,Good
images/9194473358801931404764209630092334935,Unclear
images/9195293437662198223594995781358718661,Unclear
images/91969795169442919508049292752849270845,Unclear
images/92034558845802114560297371487051926085,Bad
images/92045848195601089997720693023308379178,Bad
images/92055940449938667919672851504918159548,Good
images/94081819720811364817321668858494146679,Unclear
images/94109136180805869531823272029665520642,Unclear
images/94123117246213465735347974096982677714,Unclear
images/94130826074544566137474169808570660360,Bad
images/94191269570318361628852373150995104878,Unclear
images/94222207867209783462602731977679655628,Unclear
images/94244206204756409342133136460644493656,Unclear
images/9427086569910889631058914413887145828,Good
images/94293074456887326366214237635522361065,Unclear
images/9429696104454144648558829769618253195,Unclear
images/94335446790491486739119079335355608694,Bad
images/94338218971824298322181224544850634401,Unclear
images/96402094525465292844002020500469033821,Bad
images/9640402210423024511150282426030757341,Unclear
images/9644694448300814726223556107404656749,Bad
images/96480777911005686713293142144664431072,Unclear
images/96489277740690100164716150255311206760,Good
images/96492996947607387642031434487318994581,Good
images/96499435289732587458459432446194492687,Good
images/96500373902903912996395135461880720542,Good
images/96510082082423813733271206003573289388,Good
images/96569757681792158786380624672426484335,Unclear
images/96573101423120233689901858428572360819,Unclear
images/96595946120213282514172390502320388127,Good
images/102645853901756220085994544433517176768,Good
images/102687622579823220842164909222268865004,Good
images/102709790688952839783635579889622572402,Good
images/102775333146891632090578594639382672587,Bad
images/102788048617401189035255747519471810539,Unclear
images/102807941788453869969170979048842645906,Bad
images/102810060349463916303966701196807754310,Unclear
images/102825778533989384799481446210854065191,Unclear
images/102855951043422303233651474665462706555,Good
images/102864944401187326844599465011451179602,Unclear
images/10287997403783135344101722197949502194,Unclear
images/102889634504854051634001948343801267447,Bad
images/104948569358165548378502978252957278390,Good
images/10495714898687488509330704951918503456,Unclear
images/104973334718048426905946330421194071659,Unclear
images/10498006575742389928290647328263459634,Unclear
images/104996547611142875326550646452772651970,Unclear
images/105005121661007401831945608775494064609,Unclear
images/105026279687678229349240987479621749486,Unclear
images/105031139705920912632616794618989893759,Good
images/105046957136284273876013343758791895309,Unclear
images/105060829101247983850440859219954017959,Unclear
images/105071653521674618320964348691535156343,Unclear
images/105083042663932061427124594996633618660,Unclear
images/107242379747305122434244345775222072116,Unclear
images/107259670833008756922684560340273707444,Unclear
images/107279026121314618667850924683789523327,Bad
images/107367624898140191417895619569723041303,Unclear
images/107386075937795081406822996149719285160,Unclear
images/107389615923737193026394469240067968942,Good
images/107389850488522687898147362588115476082,Unclear
images/107402289245935373132224199879246477841,Good
images/107414051662735717479951065289924368640,Unclear
images/107432803034506996264410998922322854699,Unclear
images/107437458521604448125015931596287763025,Unclear
images/107447925535454393299517654342993409750,Good
images/108635362049351196693465938757676369852,Good
images/108651989955609301663430065509593857578,Good
images/108661381104026062365729477912250187959,Good
images/108676548528088711954923381513862778593,Unclear
images/108689101638384665307132581773992778827,Unclear
images/108698336758284788279188373988965879611,Unclear
images/108704971664165952039707101638734169484,Unclear
images/108713324328120053127175477518992504500,Unclear
images/108727140729097722664480536887043325600,Unclear
images/108750034504683871136594756753275152507,Unclear
images/108777739681100266782469006140615422706,Unclear
images/108804971672872227343343129242922412429,Good
images/110659675913313602246270367189473894655,Good
images/110666851733552754253993013916646139707,Good
images/110668514504018040075155002424724628938,Unclear
images/110685225532672788335410023814992928322,Unclear
images/110688494254406571895072199884851810947,Unclear
images/110693836555611311233316766126839005609,Unclear
images/110733941259731033077347110078668016160,Unclear
images/11083973411193255638015580345099758523,Good
images/110866324125626586906783195164067442461,Unclear
images/110866608112855478459997730001629587363,Unclear
images/110899459664670955385736500573632643956,Unclear
images/110949554400738435652574132785491244584,Good
images/113073505132889283367792412305758005165,Unclear
images/113114242312611111720775745943645259590,Unclear
images/113147021367988548471363982709068617690,Good
images/113152050866729017973355677826313290762,Good
images/11315655130973302820643234611781242686,Good
images/113199192079766762328561696450389243125,Unclear
images/113217446803024074038770997147469002299,Unclear
images/113228473792297698024009094042269752590,Good
images/11326262880679732065040703485321173848,Unclear
images/113286377729716184329387204358865918393,Good
images/113308821746003816477184212683307832579,Unclear
images/113311929874792138167652054243877633169,Unclear
images/118067679579472021959968493409959984885,Unclear
images/118069175986016444056596391893462210146,Unclear
images/118101168913548049565381496245732242432,Unclear
images/118110694894190493611633927087603885392,Unclear
images/118170325216830445744637902980425523148,Unclear
images/118175286634565244130583604675815347723,Unclear
images/118176920258290823151503873129446587449,Good
images/118181456684628693671793244551744387918,Good
images/118207232207940589297245037406447857170,Unclear
images/118210045446425245923224244366621299959,Good
images/118234557992043856628265134513269112856,Unclear
images/118321559919437753083614110773479278853,Bad
images/121386903250723136289693199476338232145,Bad
images/121387271888917023863536111466946712387,Good
images/121412709711676254435960760851669982962,Unclear
images/121420528568348948974728454815825848793,Unclear
images/12142227401178858834202238962619916237,Unclear
images/121495525414237966358888349457456407867,Unclear
images/121499698206642208132520425489745978588,Good
images/121505913088711461288561588899810054289,Unclear
images/121511564324413843224087910789746816011,Bad
images/121518723495364134853662934790782581766,Good
images/121569360510694709092875895137453220937,Unclear
images/121577403322841191285667435796250671350,Good
images/124918832122430989305600848915352496870,Unclear
images/124921681852050112135414656485050086691,Unclear
images/12493851572055238807347624567730380177,Good
images/124940231279711018378531921815071037975,Good
images/124949106937013132442998903372632828002,Unclear
images/124974505190385099253397724766790963926,Bad
images/125002907638287585290010693182870598679,Unclear
images/125018873970290070257440532917392569688,Unclear
images/125079898259569739363955257762700933285,Unclear
images/125087133292566356066289389563021478892,Bad
images/125113405988679197950125531068298023994,Unclear
images/125165051329801372441851414295140152446,Bad
images/12752615845859196352762401467392375807,Unclear
images/127537922935561120904512935147317527880,Bad
images/12756746404406142835118988917148214912,Bad
images/127573480577906265538060892735548184767,Bad
images/12757761459870704905276445530299337490,Bad
images/127586993592197692574554983346112926986,Bad
images/12759791276506352092011440621390444428,Bad
images/127669295261478698252254960213241081940,Bad
images/127670964536697495525915415593566260209,Bad
images/127685636230538947716194094694513601588,Unclear
images/127690016732211742340554885093242506658,Bad
images/127730190361941095850310017162937518366,Bad
images/129851820427879692028386592452690105882,Good
images/129856899329257768912987482123867007156,Unclear
images/129862138663828963994749444267886484037,Good
images/129940643230630373137649774113123536324,Good
images/129945458067487737557184306263898972769,Unclear
images/129947477579783655919780924993042229325,Unclear
images/129960049927133418496777413488177523019,Unclear
images/129978554259465096676609407169758867231,Bad
images/130004639397858753824070685026460596098,Good
images/130024129660668769637653292756814828701,Good
images/130050595610326870917945845041888289255,Good
images/13005178247156582535783494904157796747,Unclear
images/131843002996286930573693514724065956735,Good
images/131870668871622606693734787941069262300,Good
images/131872813482295380960203049950141251427,Bad
images/131920459605729519564477483700973931926,Unclear
images/131928956199743351413290603807203063142,Unclear
images/131940059681928047526666653384202700517,Unclear
images/131945940358289615639795223302588127099,Unclear
images/13194961109615672071741117204093535758,Good
images/132012692947905533248874112859352783273,Bad
images/132016719822803816276658355063448043678,Good
images/132031612186802713716767898427887725909,Bad
images/132063299636659783271113671711107328702,Good
images/138300080266617139021531967493189784156,Unclear
images/138361817707751586371110227486010181316,Good
images/138362054394800337390074051426397999519,Good
images/13837154786048057937010800162112867166,Unclear
images/138371617236404631442764766466080078577,Unclear
images/138407909899983120025097205652599962284,Good
images/138471643581741289952205546616116404918,Good
images/13848333461104793151684910335912951724,Unclear
images/138508893087431362651264169786072321947,Unclear
images/138525733133729085474528248872226514352,Unclear
images/138532172518785031360269727009137469800,Bad
images/138595610628899838137990815981489412734,Bad
images/13007287194980681078890669557868034887,Unclear
images/130303999286577275302076821165017276944,Unclear
images/130586743478883910583313691417916878056,Unclear
images/130729257230738094087739175440417246780,Bad
images/131077826957043833174013259391558043285,Bad
images/131302553770251216301526546494751107876,Unclear
images/13180117431364924011420285167047312481,Unclear
images/132075843832689727617937719464336750845,Unclear
images/132381893966452656517471459056867323811,Unclear
images/132737483600447072857859604726133091886,Unclear
images/13310877696329512360696909806069558766,Unclear
images/140361347344386959476214264021453847288,Bad
images/140369786943198899099716985415614122636,Unclear
images/140371397621078430416811298938375261878,Unclear
images/140375858161005309208331287907056773377,Unclear
images/140388209927620636134595885736248637840,Unclear
images/140420366156992222775913690441973397085,Unclear
images/14044554111107816649759584018423065533,Good
images/140453075487273166532025756064429565529,Unclear
images/140460183002333120528666383749615150876,Good
images/140597249192772540855827302008776687076,Good
images/140601985893878149482380845496638589521,Bad
images/140622426020291194473217584661283681686,Unclear
images/143164351187328644825381277948658855080,Unclear
images/143205086771290135852355173597495342238,Unclear
images/143222417614504359167153464038196409848,Unclear
images/143242706500239032013255892899651166065,Unclear
images/143283239189072908744114256006767343293,Good
images/14329230195875055411175650713553642899,Unclear
images/143301826231833144930993347478780237219,Good
images/14331149747924437996680666159204150308,Bad
images/143325078250996987190172790368002396634,Bad
images/143334598556113498401202346438355368247,Bad
images/143338930202453637246881142767328328380,Good
images/143352204151606212973070895256840952125,Good
images/14724519449638907136724549381434243467,Unclear
images/147268078568359797603486982993882367151,Unclear
images/14727663385326639462054006203470548674,Unclear
images/147285063331483843111344362551915474449,Unclear
images/14729149629229540222857780132757365495,Good
images/147332177490294618657652082947291045365,Bad
images/147346990762381826716225474704868499969,Bad
images/147359518208576396218245155998611200982,Good
images/147391347486566577835732240413854915897,Unclear
images/147393212618027055478132258885569319430,Bad
images/147398486372705082324255507383559052193,Unclear
images/147449696685170254960241093535631360758,Unclear
images/154322316514838413328063573814604549626,Good
images/154324077587847012991417658343192488038,Unclear
images/154339194507638468590478219924127391047,Unclear
images/1544124959459671785447561065104831753,Unclear
images/154425371184739273073100228634232547182,Unclear
images/154459655844628036814399872740652659301,Good
images/15446485098831068515114238974819638493,Unclear
images/154486439132903691322394824453606519410,Good
images/154527739454825548892826802829977864703,Unclear
images/154579440685059896221570459941872256449,Unclear
images/154636093484626094060825650001922821345,Unclear
images/15463870187793184469296295063777808220,Unclear
images/156688074706093887208988690930423764848,Unclear
images/156689495633474365017650582707380338746,Good
images/156727754646232557428408883055663337091,Unclear
images/156753112050678077341822225081018983427,Unclear
images/156755908643865689627668138840170524262,Unclear
images/156770593609181180329695703202507746966,Unclear
images/156786263843016825450760661869393157850,Bad
images/156805326179005782583716735013499684715,Unclear
images/156820744442902975683249400027755007754,Good
images/1568295969635207210389129630923976610,Bad
images/15690724797152125675211621238444716324,Bad
images/15691263188448102589816545916662198505,Good
images/158766720221173309391691123518651116025,Unclear
images/158771582378942631736759571126651455984,Good
images/158792841533456387211178457107538712422,Unclear
images/158797415091975027161208036641938477365,Unclear
images/158798569942387989008594148371190866408,Unclear
images/158816876505266937790529352354828826948,Unclear
images/1588338129739534251036801204467210546,Good
images/158844100332432723798136753200599004169,Unclear
images/158857913077586084358228415184371249094,Unclear
images/158865272509992494257195224687398063560,Unclear
images/158889198809319021539154414043365533910,Unclear
images/158909154283228197132334541037259191223,Unclear
images/162180181660830752926748424076777245615,Unclear
images/162186771911830710455981036052111811239,Unclear
images/162187500443241916072210235327637021329,Good
images/162200758762297693769511054953720392556,Unclear
images/162202020443020373327258819603268204856,Bad
images/162209947830761870931591076545254868717,Unclear
images/162230760096553324642903223197070000805,Unclear
images/162241188507845966880216532926773992991,Bad
images/162242936194220757478521240306090520909,Unclear
images/162247223278447807690101102017417723248,Unclear
images/162264974033749816372966995966699206014,Unclear
images/162280035071213565521677767405207963147,Unclear
images/165451632989624433498422482377698051140,Bad
images/165469492535179301313792173064568578339,Good
images/165471588954789103699220805154512152289,Bad
images/165490099170661723303529751749743407937,Bad
images/165508088274320830571381757590021910091,Bad
images/165516733760260005388999702754930977981,Bad
images/165536928524697768932837065694277281737,Bad
images/165593401919819829726090254853960321615,Unclear
images/165617203499108866518577580558548388158,Unclear
images/165667549442223324348981057721306077630,Bad
images/165669082348356181282403557914161934452,Unclear
images/165684458663413625890293458870180268157,Good
images/167912841367354045590760061233677622766,Bad
images/167922708553319423713514690047853433837,Bad
images/167931227098501747707296957711479543781,Unclear
images/167935090006480365831565266884427096931,Good
images/16794069905790689864244819356134946501,Unclear
images/167944025828017783981280855413783996146,Bad
images/167950152261970836078525240239774851699,Bad
images/167958381573430351984519368106892415130,Bad
images/168000414586398000753587546375511093094,Unclear
images/168027826949793439843698946052443277074,Good
images/168029427673206071951798929463960667942,Good
images/168036635648969177466680106307975802489,Good
images/17837734747748793480605744839454748206,Bad
images/17852633705995629355480822417411320247,Good
images/17856219702935043329033773934669554722,Good
images/17909065538523641090961155747505338960,Bad
images/17926345658181960393988548509339731709,Unclear
images/17936757539475281789106638312697809404,Bad
images/17942607612001814453025182305730337265,Unclear
images/17954999646124041017014063206642538571,Unclear
images/17979151378822834454559075399878002104,Good
images/17982743659162699195678030895988903829,Unclear
images/17997295435117510866568684585324324373,Bad
images/18000868537661418320280549387177205698,Unclear
images/18031573918443479270616061332013508253,Good
images/18096810767269618735652890074217950190,Bad
images/18100119984964531083622874604088043664,Unclear
images/18108614942519630911234515447453887205,Unclear
images/18121799665313521972174432486225260616,Good
images/18127983825313602587195956511043371474,Unclear
images/18174130923319405179342483472119376582,Unclear
images/18193613256641088176236156579458580853,Good
images/18202824654310970511575363470045250597,Unclear
images/18248765742687904398728802359173178979,Unclear
images/18271933114740833801728114587415701715,Unclear
images/1829863109550640265059776755078237600,Unclear
images/18365405357039147085857149525825098279,Unclear
images/1840646861481784415849483992584516879,Bad
images/18464510881122898420812092242186915476,Unclear
images/1848154247336529622121668742098898497,Unclear
images/18561277094404876458024759056395994112,Unclear
images/18575916503829131218165003046213698087,Unclear
images/18580259412018092712988967482856790601,Unclear
images/18591699546828275607439411312587984871,Unclear
images/18626005168707407068976413339291530874,Good
images/18637985395153290156985847284112696872,Unclear
images/18664932132282718175420418168287496664,Good
images/18688418895000724510461592537207907199,Good
images/165691510859418289775114780430591428426,Unclear
images/165949528699939604481533053071018965317,Good
images/166287114905236568745499436046403617616,Unclear
images/166669235715423863531870627150699937602,Unclear
images/166902038346397827832527550168562971398,Unclear
images/167070158496642644016709442737239592168,Unclear
images/167322245436166571213758341222117685321,Unclear
images/16786413277704941982733284280510227664,Unclear
images/168046401315996970827341906558264045555,Unclear
images/168269822522142717609686479117229659925,Unclear
images/168586064908346156686739641598891255340,Unclear
images/18700390458264837589967487183440807369,Unclear
images/18700676819722540673859412152324025740,Unclear
images/18767006109133291217816568060790652692,Unclear
images/18805853073227158340763982235942140062,Unclear
images/18808986588926980828407082500970775934,Unclear
images/18827508336672820437585002184423983174,Unclear
images/18836166227213715404043960788717347229,Unclear
images/18837183478621927838393626258669082842,Unclear
images/188900201466321144312644881921357668,Bad
images/18901148018168774688573800596379971291,Good
images/18925378763019176434775399977659853131,Bad
images/18960241743552524241387471260289532857,Unclear
images/19025107546003326196520651697075309788,Unclear
images/19025401739565594162741581604177045007,Good
images/19029065563654279069879342949129882194,Bad
images/19037842834528143763998258242811121188,Bad
images/19044902040334452778001840166716377467,Bad
images/19052728999947373933740897748004273420,Unclear
images/19079591219486588409531256979147483542,Unclear
images/19085983767437728199098392655846308482,Bad
images/19087742091889382428783966213275072748,Bad
images/19125334426726714238567481530341569135,Good
images/19128612929055945776266096787269019657,Unclear
images/19133522244025822411454439158592229900,Unclear
images/19144693899585421358037305348887063278,Bad
images/19184988048049755879401507778479935856,Bad
images/19245977681414398525793750423526526288,Unclear
images/19293632384845319293583131748248932734,Unclear
images/19305231627346157314439254216563633212,Unclear
images/19376028058888781323750167347427395050,Bad
images/1941894801892845311674464039795991675,Bad
images/19425276062401905327619018873856485565,Unclear
images/19432373788305898591358680831539792993,Unclear
images/19464229950809125318254694213835591372,Unclear
images/19476369624544966085785890128473815481,Unclear
images/19487041931673578022869724671829644783,Unclear
images/19516987184318638183144834276910936862,Unclear
images/19532723641034907462409160049804002158,Unclear
images/19547422773506713987698019536824056935,Unclear
images/19561335541353695104873186050369406623,Unclear
images/19562393143218047642825712371264062376,Unclear
images/19601313977882792880353414752002742821,Unclear
images/19603688163814111255184276760407628260,Good
images/19640027325481858119585437528868078050,Unclear
images/19647993938211873401226899459226069684,Unclear
images/19693236549900424907381733810886630526,Unclear
images/19729039172061212173135398744481724695,Unclear
images/19739851602200730928673454514418437564,Unclear
images/19784552827569015597652889102719443268,Unclear
images/19837012881698018937377873795161337359,Unclear
images/19847926715987680445266184400528098493,Unclear
images/19866271647612922769797740774511778740,Unclear
images/19893068308628147648200032830705200115,Unclear
images/1989889360907582522806497935123997334,Good
images/19943024620301711118248793576929655390,Unclear
images/20030221696765323620408424054387521195,Good
images/20051675570227372294275007948147069953,Unclear
images/2007906389179069119196302723345644232,Good
images/2010776228455975384102956588915640383,Unclear
images/20123234266350994500154845081120253921,Good
images/20215588826964074448558000087142717658,Unclear
images/20218723177167214014729586157394073550,Unclear
images/20287075123624806154018684887604172180,Unclear
images/20382285760674120713819935254922002143,Unclear
images/20390328054587972333587857155319707946,Unclear
images/20480602872003673080581551979221671300,Good
images/20480803154966596567876559942454330748,Bad
images/2049521339422829411747770566860756873,Good
images/20520102643404460264950142959706260994,Unclear
images/20522108792488183614364932582685654586,Unclear
images/20526186547737587663352950168321210305,Unclear
images/20528608388979480807508304746082263807,Bad
images/20537812952930193370439574530936633538,Bad
images/20552883013767926799351035635071493980,Good
images/20558742516361961486126013253087552211,Bad
images/20670114795693636284213900329420068959,Unclear
images/20694916030091170873584730079451583856,Unclear
images/20723385119284774471069719570593589585,Unclear
images/20727240447327538678161659003640902927,Unclear
images/20758949003918370685029823980107846228,Unclear
images/20762471067320001228249107117776022112,Good
images/20767486589296781310559729775799102558,Good
images/20773938531529198453313624723277445325,Unclear
images/20778981627453690435651668414546707507,Good
images/20804194894264497588413855876539477745,Good
images/20811748148812752244999656009894925253,Unclear
images/20835541128051311919545420323537419964,Unclear
images/20849253494426774691022244329572390168,Unclear
images/20857561190538950547427864567831767750,Bad
images/20878959722178141245634898687556362265,Good
images/20915174508071759601785950206142006108,Unclear
images/20930516726503149725445609808981264415,Good
images/2102493468317066707663482069524304319,Unclear
images/21106227575534523000144628184240506740,Unclear
images/21120196126293167678432291420194029137,Unclear
images/21149874505872488162495001223664883856,Unclear
images/21153813021144202037885201112773214519,Good
images/21153820211157966913533458157881876097,Unclear
images/21161975121040569765161152962341984536,Unclear
images/21166726124859278852169648711955858222,Unclear
images/21180475353534851924957974143175460438,Unclear
images/21181507135402167242335085073634239050,Unclear
images/21189364140459276692231311538519707764,Unclear
images/21222665808431157469144250600991749055,Unclear
images/21249844130033293758360784562010678245,Unclear
images/21266278600212662808949954475896234740,Unclear
images/21273969059971356896528197467024468571,Good
images/21312857252753960002528394873000208508,Unclear
images/21527477577169066321801206664951879278,Unclear
images/21538250284737106739911105419757002008,Unclear
images/21597669983767891060083743194847876060,Unclear
images/21606128805382948960629276083205935944,Bad
images/21614216878153820801454336506121731880,Bad
images/21629364060529572262983682529849911797,Unclear
images/2164816741668344036090218190202838387,Unclear
images/21669038546245215804059691334580132080,Unclear
images/21683787555145904657797841220359597044,Unclear
images/21692799642064837256600490702356942692,Unclear
images/21693137835333354550569073044078662730,Bad
images/21693880082572519234999452210505922345,Bad
images/21774911979367297370930119714166992935,Unclear
images/21797994691122426820516892437145976299,Bad
images/2181486107770245433234672852240380065,Bad
images/2184117461779222666387081452361787269,Unclear
images/21843201754620436352413004152199258922,Bad
images/21920937164064450594472333694916173876,Bad
images/21954552189052995457149149404358129224,Bad
images/21966971338579868336511195797436164177,Unclear
images/21970332083821983849263922801231087575,Bad
images/21987069220774788336314070639638088136,Bad
images/21992487268201115159927516608714636227,Bad
images/22019207126440776657592730744359313300,Bad
images/2202911272100795570143188547474522957,Bad
images/22029609822493415207947454608587440481,Bad
images/22052376660093577699652914090678030040,Good
images/2206325621108913125775879868638023206,Bad
images/22069697151710029379938185847368363080,Bad
images/22114192124903781488071804730873054956,Unclear
images/22144982292882247054376974859847648069,Bad
images/22152851953024397727534542592732250032,Bad
images/22167824154617491959460181052078361829,Unclear
images/22201078446847688739305918328094094854,Unclear
images/22217221136785477791185845811038193400,Bad
images/22240314733255335918923256163386277784,Unclear
images/2225262406194571605157286387848651252,Bad
images/22273253893990655580257789364161434139,Good
images/22282612190554353704331305300604260300,Unclear
images/10000363634720668543422909405262303256,Good
images/1000477256847261534209205851819306608,Unclear
images/100047747334374275582030125704988723085,Unclear
images/100062867415505543595151006810813400008,Unclear
images/100073674897320712214530493451455741773,Good
images/100087095443669986862274691770703859693,Unclear
images/100102805307096204359584451186214995683,Unclear
images/100106674171072747996201401233550622532,Bad
images/100113283301722073477654431459012371815,Unclear
images/100130155758777025501621034760618555989,Good
images/292358024017502277661539077967237818548,Bad
images/292369490992303250400835351874590001287,Good
images/292392843661670505860186715212275733240,Unclear
images/292400689655472268539521560963897174710,Unclear
images/292408896315368511831449019357225596828,Good
images/292424814721043391868736777623578634256,Unclear
images/292429052073893300351826398735231559089,Bad
images/292433795123823967017910965971097962128,Bad
images/292473633366995890619282299697796350928,Unclear
images/292526686476851243609503693052005473888,Good
images/292543144815120281611257727476342203435,Unclear
images/292564328903972302867478743585800738697,Unclear
images/173630829920784761816683273817523388399,Unclear
images/173642081863586317862590871308084435185,Unclear
images/173681361610727257506240471680826548539,Unclear
images/173718592096154056368160951960145050783,Unclear
images/173823866883741539362768961267266855766,Unclear
images/173869149523418485923225787496256372503,Unclear
images/173881970935503206711993792478594634029,Unclear
images/173901799800240908417611812942577149093,Good
images/173914282762062415990711680743129589124,Unclear
images/173924299240409782768444012098054324058,Good
images/173940424537834115635106033181856349004,Unclear
images/173944666042352857097798926689550835844,Unclear
images/213147701210513503616700341285044126938,Unclear
images/213162218285821825682663718368222858713,Bad
images/213195815669554272845617256753624632471,Bad
images/213211162756233227775650440558155870962,Good
images/213229666578840654034054623735714423476,Good
images/213239986353540937465728139145398923114,Unclear
images/213248714760390000334951514223866223900,Good
images/213264476145282396492084984792136275071,Good
images/213281912456371090925293857971529366428,Unclear
images/213293160550793090369328338480697712474,Unclear
images/227184666463894228009094829176527762279,Unclear
images/227219200725507024947728746786787529914,Bad
images/227223697776269106267148819430155619783,Good
images/227241097222368957605218341353397457940,Good
images/227254722128366472401512468929843384551,Good
images/227262405468562757256932776602104113046,Unclear
images/227286728474296511634959577312052988554,Unclear
images/227288259449089424782129139817453722138,Good
images/227294884475296333728230170010173946497,Bad
images/227353516425639422514001604388807228229,Unclear
images/227356217901204881852079645747473169243,Bad
images/247559014069844135546396604795457858970,Unclear
images/247560744273905131320139616658311633208,Unclear
images/247598486560187267152562850936736849162,Unclear
images/247601948259935200670058090263540149630,Bad
images/247609585135001153204121309604670717950,Bad
images/247652015750908139937689100978309697904,Unclear
images/247658869551663399883222496375442903491,Unclear
images/247683079836140625941452701131823337237,Unclear
images/247690623662073338423196879597536996767,Bad
images/247760848486397652909253011894939008443,Unclear
images/247771367376558940457237742068198441717,Good
images/247786218854637090428825901887788505433,Bad
images/325202210072826816080305080271565078168,Bad
images/325222735103657291123146449966190900852,Unclear
images/325231561034459082499690355955466785192,Unclear
images/325294327828826704780334502286341884026,Bad
images/325316921347432395218530046059752800306,Good
images/325332598290452130189588222243592777902,Unclear
images/325364187461382200803951955749038511902,Good
images/325373365585541332372018665791605949341,Bad
images/178377093836768751104120786530078305753,Good
images/178379509453457167540574135434008030410,Unclear
images/178429899369964422880936455379083330054,Good
images/178449359328516113774550671372709453291,Unclear
images/178534116150150958525693764539389781085,Unclear
images/178583566554316917721891689187210785767,Unclear
images/178631509137973013260834120896983438979,Unclear
images/178639616865839513364869842955819234298,Unclear
images/178646023468412836921113542157010929631,Good
images/180211816060011980639473482026320399072,Unclear
images/180240523959016953476033017714123580814,Unclear
images/180270550853072561942256427778416545176,Unclear
images/180330307305238989054402196540961228969,Good
images/180332191298438679778658239152314537582,Good
images/180382991134596962822009721035868703945,Unclear
images/180402681249548677843733133814653370955,Good
images/180410336704148207517036023372116866894,Good
images/180410997652260051892664280482772858466,Good
images/180436586021988245217288260620354450813,Unclear
images/180445715255921424420147733402768522116,Good
images/183421908910759002209319626461538463586,Unclear
images/183444599023827645213239950432142699431,Good
images/183476593352882712086311848527294047837,Good
images/183562444752201463424382766798539949643,Good
images/183585607721502490316086369144661291563,Unclear
images/183652531561801585788592387884011128207,Unclear
images/183689926132209308039442690117334636358,Unclear
images/183691526506900016082819700176202161284,Unclear
images/183819449361510197959901196720505211784,Unclear
images/183839486777162251871300275792417709522,Bad
images/183875338549636024067244259778779052209,Bad
images/186902661207852318918221493526775869753,Bad
images/186906355523258910186541630423781966969,Bad
images/186931443311097605189682853537121762541,Bad
images/186936039143602964365143214738358450766,Unclear
images/186980683372848215599580827750033539082,Unclear
images/187009892650624214249985328912079134673,Unclear
images/187010378033733877350180918361957915791,Bad
images/187025890548816212734627997374096307096,Bad
images/187054919536994372242161135656378091690,Good
images/187059735568862740268687875654159903565,Good
images/189862072399239578718627809948378728342,Bad
images/189877885479861242419898123519227931792,Unclear
images/189887697145719746876820060521856568786,Good
images/189902460767348076834008128296517891902,Unclear
images/189923279756645781862917168474004916336,Unclear
images/189934194580001162030463538450235450447,Bad
images/189934271662453289450981334713838401082,Unclear
images/189942185723757028737458467475877266011,Unclear
images/189968048618879762131586569015241210656,Unclear
images/189992298435077762744232843827448854948,Unclear
images/190010025080857986780372246433105717986,Bad
images/190019799411039694254191112823716952467,Unclear
images/191424091371214915584759877147605824743,Bad
images/191463132826018025388252563244505783190,Bad
images/191479170364825977675863443837087309740,Unclear
images/191536783235356044607204771001266843685,Unclear
images/191559221181169029585788401100444548232,Good
images/191569994208588580471878706769443195463,Bad
images/191624278632041698137728896058387759373,Unclear
images/191626390990991462663654139496870686118,Good
images/191626923956034783445256100074722203199,Unclear
images/191668460787770885242393126340508640165,Good
images/191736011841632646168830692658677883317,Unclear
images/194945242555541411203730298719796310434,Unclear
images/194962885420308204614743538848940710824,Unclear
images/194972709757641166833203507994070973034,Unclear
images/194993014546497547535607686195545966559,Unclear
images/195011179664830784387976972282148527675,Unclear
images/195065256066802987046175152330041029727,Unclear
images/195114349783315055813443933458260460974,Unclear
images/195119431319903592397328416080010720390,Unclear
images/195137961791529038257795650698164557710,Bad
images/195155076827637369934690993303639547957,Bad
images/195166165864019316480412211584037726341,Unclear
images/197563065056655920583549863547727153944,Bad
images/197583121142860359858992862836503987528,Unclear
images/197617516556262482663319266618149287534,Unclear
images/197620698647348846214179010726524573725,Unclear
images/197636591686610743431229961257646365192,Good
images/197638198314207969307824541382079430282,Unclear
images/197652142311003776210539161976703021108,Unclear
images/197657966246383644710814023256795307501,Unclear
images/197659880792724481078849803574418513707,Unclear
images/197677605470346864026890141706835143167,Unclear
images/197692718331580927002835308383732548674,Bad
images/197705168945289345872022987205904794298,Bad
images/201408741544101437204776696645370835004,Unclear
images/201440400460459700905803185169561319629,Unclear
images/201445268119986448127345257483959785878,Unclear
images/201468980027295828138375471252937740763,Bad
images/201482729880857930287253524517470606070,Unclear
images/201484655523361947307412347845124845176,Unclear
images/201489390124129359633848247860384181112,Bad
images/201506473007831605088076919940269677515,Bad
images/201509817476943947083648837537958826011,Unclear
images/201543148693531476466745532894841293411,Unclear
images/201552561563510338374351900459670126918,Bad
images/201575113423122270393351132529262978954,Good
images/205373527972265936442825429332064835781,Unclear
images/205379411302792724928169408634667990381,Good
images/205413527106058354599391625280411065023,Good
images/205462990201943409541613879767117451526,Bad
images/205467516484913786865870927647182902428,Bad
images/205545816651230625255292758178861047323,Unclear
images/205578416558691900403039174602004355661,Unclear
images/205589915490973085925606157634945828746,Unclear
images/205647442637899456142445275524835288144,Unclear
images/207893414140700975302097472721345224908,Bad
images/207923712783582193066546136453532595692,Bad
images/207951520949842287708943720912480507241,Unclear
images/208072046002885150468577835068389326364,Unclear
images/208092192506370712644815836000407828587,Unclear
images/208203677879906455623920036553739055186,Unclear
images/208206942639387033886910277701108360210,Unclear
images/208245815218613447918585782170365080943,Bad
images/208297320239321661776996306511905845857,Unclear
images/208298290501125266530852232740460897172,Unclear
images/215244772037338290255536596064068411448,Unclear
images/215273139424959433986215444639549169490,Unclear
images/215277576859373730073211128758570128014,Bad
images/215295251014979120151807919251210703732,Bad
images/215308527408038058641438275167341849387,Unclear
images/215331779328780787007312905477450510258,Unclear
images/215355655674794303505465751332918332061,Bad
images/215361614564802410215865766484705564184,Unclear
images/215369269543798358686764975150307047899,Good
images/215410088266525440892493345967255540322,Unclear
images/217060912737341338409439555268752006662,Unclear
images/217103434246281699486427852698339675740,Unclear
images/217116965537226066934452937680587002869,Unclear
images/217134166019157243615020951691932150327,Unclear
images/217163371010606969919727365808716169434,Bad
images/217175572536379953523554963676502497133,Good
images/217225961381916775443710315919052020441,Unclear
images/217234645863008347306730065169549512437,Bad
images/217235028199945632835225860628301524230,Unclear
images/217237289427810014795807318260712659721,Unclear
images/217253252100325143872571018477887866262,Bad
images/217328171043001687027546544386311837325,Good
images/220234901272512273829887635610202044738,Bad
images/220309117707057957539339955053280746647,Unclear
images/220309290483341408941725788820212321350,Bad
images/220316486367083949113760744331474327195,Unclear
images/220321937680002270555915527148582259559,Unclear
images/220330363157645553041897553940162975427,Good
images/220370896476831475012361333932151544117,Bad
images/220393890127914882252780844665802431162,Unclear
images/220404785697990128211984408421847193576,Good
images/220475664172472362420166095278913604736,Bad
images/222450114952422490313048500106063420585,Bad
images/222456189994789006491261660705721455048,Unclear
images/222468638161016267266456150102598324967,Unclear
images/222473756883456923545268762275007020121,Bad
images/222478490809890377247405494751784421863,Bad
images/222485094019844960837660754970914279264,Bad
images/222485225200576635052028593549378160930,Bad
images/222495871501228939994420024007187268766,Unclear
images/222561021181214360741250192818828292723,Good
images/222582383303825612872133429282473350623,Good
images/222603481928181848273450340119880511458,Good
images/205757529219921650301774363372543552573,Good
images/206026722979603420000838301597741864377,Good
images/206467749255889080722045350636979138352,Good
images/206725928778212350239570888005479610023,Unclear
images/207084082710176064452660637844911588425,Bad
images/207372761069401638058493154851519460563,Good
images/207655014642808507967330065279244255573,Unclear
images/20789282102567259504213700405525802445,Unclear
images/208308796700674769107546387378996387045,Good
images/208568155066793696733971757105804719062,Unclear
images/208854405770194763425702918512590479220,Bad
images/231126762379730180894610118934162005076,Good
images/231147554259375350273172352482795020983,Unclear
images/231148298626097216319933387367288547439,Unclear
images/231169571248642960128880150628869982095,Unclear
images/231178893506507783205829949748631928578,Unclear
images/231193184344707578893128558933835857188,Bad
images/231194648847284927738658703532169077010,Good
images/231210878056958434580323757119657738312,Unclear
images/23129068927295246532681308130222371702,Unclear
images/23129692861461721304312894153945944425,Good
images/231310626834922845359089154572626446676,Bad
images/231311135007192122257681281940254225314,Bad
images/234356521785622621726162843542403612818,Bad
images/234376732215655999456153192977662690469,Bad
images/234379863418689168112309603994556111088,Unclear
images/234403178361929317692295415774885429580,Good
images/234422109138456659977198041050839847091,Unclear
images/234462100230990725744386810020078327336,Unclear
images/234478988691161334879896114064676028327,Unclear
images/234499136704603728214544435136777530331,Unclear
images/234561879044747332980142322628972538354,Unclear
images/234590295974682885309498264229292361139,Unclear
images/234610848809697435553559962548199368676,Unclear
images/234617313529435605113193321251829870066,Unclear
images/23679270427976369968594389984257176179,Good
images/236795923169368930484967535564792941896,Unclear
images/236797300011787290990394083115188147870,Unclear
images/236817799138693437164918397580408308276,Unclear
images/236841624125264567134020515815739657335,Unclear
images/236846272345102743505186234144398937942,Bad
images/236847141430720918319939110036781426050,Bad
images/2368686027099895520344732655886145980,Unclear
images/2368750489916361729665188999900287193,Bad
images/236876800748030424068127580122341808598,Bad
images/23689653362711133755502853001861418145,Good
images/236918540153497636000323132826189865919,Unclear
images/238328535144625705832227396299826205076,Good
images/238331890460971225309388686364050417872,Bad
images/238367234998650585988507855136299640157,Bad
images/238375617490049383446389547606652784417,Bad
images/238380793808264545699863486061997461724,Unclear
images/238401173973277084519644949910700385157,Unclear
images/238401336679190342705821021696513890708,Good
images/238414769295613396270511385606318340190,Unclear
images/23847344151095791133634772807402492565,Unclear
images/238500222964753225612267703722251333723,Bad
images/238531268318548141236667541742987561146,Bad
images/238556446718616985514467381672181890012,Unclear
images/241208731613611853372190534884836840823,Bad
images/24122744232671584267730215124567237269,Good
images/241248009474847897092088629932021766542,Unclear
images/241313012605918678799036135646503149750,Unclear
images/241345980000179532817530534269571856820,Unclear
images/241352654333584151216046043912494834978,Unclear
images/241404850105660759639856151165566790056,Unclear
images/241429286788838790165247925229882478705,Unclear
images/241430384283605028601175623105462801599,Bad
images/241434767528692014531144625207949668480,Good
images/241451287394344788458804126189645586482,Good
images/241462725199380920757887923009935068629,Unclear
images/261568096626565879363270703482902741850,Unclear
images/26157189066995019467155338674087687286,Unclear
images/261592714982698665969175861096956825495,Bad
images/261610369467672541496124906274639008699,Bad
images/261611053980301836897867860199909517013,Bad
images/261653345086744767414149670905239928491,Good
images/261688207551451232804819901402156253840,Bad
images/261701970445358855665380097265050430796,Good
images/261713345638021959346789863113470536276,Bad
images/261725835058088448340520042094144611679,Unclear
images/261736490161182322107688251460478159479,Bad
images/261736766829927338231200602841938828404,Unclear
images/250241245870508835790029894444071425844,Unclear
images/250249030997931097555275508161122651588,Bad
images/250266835624012147739833071539903393001,Unclear
images/250308085377829145073800022990220766410,Unclear
images/250359360615590251133036600657584506245,Bad
images/25036658086895901070864276461013844466,Good
images/250400628611046076436725646956712180994,Good
images/250405468042559912449331794845354266817,Unclear
images/250420298035208177864196086913864711306,Bad
images/25045583781877101527360461761207392641,Good
images/250457999715418934320560660989208714461,Unclear
images/250470305490906830269101752991591447447,Unclear
images/252581429120073163166808259794919497186,Bad
images/252595283600313795180186616326828027884,Unclear
images/25261158608332049108548977690196263258,Bad
images/252614874221860113819203432594885498917,Bad
images/252627229769916804767706655745078436015,Unclear
images/252641011807834573669234826220629632238,Bad
images/252684440646887164799499788677474091823,Bad
images/252687697160664339825688496488816521086,Bad
images/252701587713709990131226500325120340886,Unclear
images/252785334143271716167326715656021042145,Unclear
images/252795728287937993882941758188413451492,Bad
images/252811533640216023255871096317515254251,Bad
images/255178566436430750856183145034319191776,Bad
images/255184892231801911185689613474606407692,Unclear
images/25518639605849216889420132962293958506,Unclear
images/255187414964645659077558766356529724333,Unclear
images/255187452136064558537207736672624048135,Bad
images/255210892712760508264167486363763974025,Unclear
images/255236529442671933300749828011085965824,Good
images/255300899792606391547678509047298831915,Bad
images/25545519401599413558264894675035941217,Bad
images/255495926925573270241961043594058708762,Unclear
images/255537214738177518004250065962355878643,Bad
images/255543991528277492071357273910057767251,Bad
images/257243951768447954914908315132526280493,Unclear
images/257251666099250903333220845515835040908,Bad
images/257260190351018897241021175945197463157,Bad
images/25727125639620884360599654424179806554,Bad
images/257283357113773196000826227752923210793,Bad
images/257285633610984872447782921120145043458,Unclear
images/257302624454358974462301527634950278817,Bad
images/257314272020885276009234202132975551796,Good
images/257331395655824296992838029555454228065,Good
images/257383629370875563558242985519679459378,Unclear
images/257386273204429912541166866623780331135,Unclear
images/257398784172097601762806330283742878130,Unclear
images/264182547128297594514940268216554384944,Unclear
images/264239076925179103945724603966857397845,Unclear
images/264247735840893956394217787300683320659,Bad
images/264247999219419385423485608394853919726,Unclear
images/264251816213003460248726820492223852952,Unclear
images/264288499325301403004846139876226461253,Unclear
images/264290219047161929739425216487894435801,Unclear
images/264290308629942110305969847160420152615,Unclear
images/264300012242645553012761452181459602811,Unclear
images/264304874927863266080822404968358003854,Unclear
images/264329335931115657828285873655366568617,Unclear
images/264343113195192054898292631744529570386,Unclear
images/269452053575007909788438759428285821496,Unclear
images/269458531831419699931543855250088433600,Unclear
images/269480625822469154946828960572296886887,Good
images/269481696347507503473474762912169904276,Good
images/269486626383614636178444989656067725869,Unclear
images/269517913209748201946524285852179270530,Unclear
images/269553858615967609066982089542259720049,Bad
images/269555020206365660675912662518373891174,Bad
images/269587708122039259763245452665929366083,Bad
images/269589180210013161642078521906760537191,Good
images/269647767399536912898430635097202597516,Good
images/269656149779990221011367754614314871415,Bad
images/241463716027573110569451940149966669935,Bad
images/241751945939972952395685875488837666055,Unclear
